file,line,type,commit,author,date,time,timezone,datetime,depth,length
style.css,1,css,5d472f37,irinavard,2026-04-10,18:49:24,-07:00,2026-04-10T18:49:24-07:00,0,5
style.css,2,css,5d472f37,irinavard,2026-04-10,18:49:24,-07:00,2026-04-10T18:49:24-07:00,2,31
style.css,3,css,5d472f37,irinavard,2026-04-10,18:49:24,-07:00,2026-04-10T18:49:24-07:00,0,0
style.css,4,css,5d472f37,irinavard,2026-04-10,18:49:24,-07:00,2026-04-10T18:49:24-07:00,0,0
style.css,5,css,5d472f37,irinavard,2026-04-10,18:49:24,-07:00,2026-04-10T18:49:24-07:00,0,4
style.css,6,css,5d472f37,irinavard,2026-04-10,18:49:24,-07:00,2026-04-10T18:49:24-07:00,2,32
style.css,7,css,5d472f37,irinavard,2026-04-10,18:49:24,-07:00,2026-04-10T18:49:24-07:00,0,0
style.css,8,css,5d472f37,irinavard,2026-04-10,18:49:24,-07:00,2026-04-10T18:49:24-07:00,0,0
style.css,9,css,8570cfb9,irinavard,2026-04-03,13:33:51,-07:00,2026-04-03T13:33:51-07:00,0,4
style.css,10,css,8570cfb9,irinavard,2026-04-03,13:33:51,-07:00,2026-04-03T13:33:51-07:00,2,23
style.css,11,css,5d472f37,irinavard,2026-04-10,18:49:24,-07:00,2026-04-10T18:49:24-07:00,2,15
style.css,12,css,5d472f37,irinavard,2026-04-10,18:49:24,-07:00,2026-04-10T18:49:24-07:00,2,18
style.css,13,css,5d472f37,irinavard,2026-04-10,18:49:24,-07:00,2026-04-10T18:49:24-07:00,2,18
style.css,14,css,5d472f37,irinavard,2026-04-10,18:49:24,-07:00,2026-04-10T18:49:24-07:00,0,0
style.css,15,css,5d472f37,irinavard,2026-04-10,18:49:24,-07:00,2026-04-10T18:49:24-07:00,0,0
style.css,16,css,5d472f37,irinavard,2026-04-10,18:49:24,-07:00,2026-04-10T18:49:24-07:00,0,3
style.css,17,css,8570cfb9,irinavard,2026-04-03,13:33:51,-07:00,2026-04-03T13:33:51-07:00,2,11
style.css,18,css,5d472f37,irinavard,2026-04-10,18:49:24,-07:00,2026-04-10T18:49:24-07:00,0,0
style.css,19,css,5d472f37,irinavard,2026-04-10,18:49:24,-07:00,2026-04-10T18:49:24-07:00,0,0
style.css,20,css,d963fc61,irinavard,2026-04-17,15:24:37,-07:00,2026-04-17T15:24:37-07:00,0,0
style.css,21,css,5d472f37,irinavard,2026-04-10,18:49:24,-07:00,2026-04-10T18:49:24-07:00,0,3
style.css,22,css,5d472f37,irinavard,2026-04-10,18:49:24,-07:00,2026-04-10T18:49:24-07:00,2,12
style.css,23,css,5d472f37,irinavard,2026-04-10,18:49:24,-07:00,2026-04-10T18:49:24-07:00,2,17
style.css,24,css,d963fc61,irinavard,2026-04-17,15:24:37,-07:00,2026-04-17T15:24:37-07:00,2,39
style.css,25,css,d963fc61,irinavard,2026-04-17,15:24:37,-07:00,2026-04-17T15:24:37-07:00,2,43
style.css,26,css,5d472f37,irinavard,2026-04-10,18:49:24,-07:00,2026-04-10T18:49:24-07:00,0,0
style.css,27,css,5d472f37,irinavard,2026-04-10,18:49:24,-07:00,2026-04-10T18:49:24-07:00,0,0
style.css,28,css,5d472f37,irinavard,2026-04-10,18:49:24,-07:00,2026-04-10T18:49:24-07:00,0,5
style.css,29,css,5d472f37,irinavard,2026-04-10,18:49:24,-07:00,2026-04-10T18:49:24-07:00,2,6
style.css,30,css,5d472f37,irinavard,2026-04-10,18:49:24,-07:00,2026-04-10T18:49:24-07:00,2,20
style.css,31,css,5d472f37,irinavard,2026-04-10,18:49:24,-07:00,2026-04-10T18:49:24-07:00,2,13
style.css,32,css,5d472f37,irinavard,2026-04-10,18:49:24,-07:00,2026-04-10T18:49:24-07:00,2,17
style.css,33,css,5d472f37,irinavard,2026-04-10,18:49:24,-07:00,2026-04-10T18:49:24-07:00,2,13
style.css,34,css,5d472f37,irinavard,2026-04-10,18:49:24,-07:00,2026-04-10T18:49:24-07:00,0,0
style.css,35,css,5d472f37,irinavard,2026-04-10,18:49:24,-07:00,2026-04-10T18:49:24-07:00,0,0
style.css,36,css,5d472f37,irinavard,2026-04-10,18:49:24,-07:00,2026-04-10T18:49:24-07:00,0,13
style.css,37,css,d963fc61,irinavard,2026-04-17,15:24:37,-07:00,2026-04-17T15:24:37-07:00,2,45
style.css,38,css,5d472f37,irinavard,2026-04-10,18:49:24,-07:00,2026-04-10T18:49:24-07:00,2,20
style.css,39,css,5d472f37,irinavard,2026-04-10,18:49:24,-07:00,2026-04-10T18:49:24-07:00,0,0
style.css,40,css,5d472f37,irinavard,2026-04-10,18:49:24,-07:00,2026-04-10T18:49:24-07:00,0,0
style.css,41,css,5d472f37,irinavard,2026-04-10,18:49:24,-07:00,2026-04-10T18:49:24-07:00,0,11
style.css,42,css,5d472f37,irinavard,2026-04-10,18:49:24,-07:00,2026-04-10T18:49:24-07:00,2,45
style.css,43,css,5d472f37,irinavard,2026-04-10,18:49:24,-07:00,2026-04-10T18:49:24-07:00,2,20
style.css,44,css,d963fc61,irinavard,2026-04-17,15:24:37,-07:00,2026-04-17T15:24:37-07:00,2,69
style.css,45,css,5d472f37,irinavard,2026-04-10,18:49:24,-07:00,2026-04-10T18:49:24-07:00,0,0
style.css,46,css,5d472f37,irinavard,2026-04-10,18:49:24,-07:00,2026-04-10T18:49:24-07:00,0,0
style.css,47,css,d963fc61,irinavard,2026-04-17,15:24:37,-07:00,2026-04-17T15:24:37-07:00,0,31
style.css,48,css,5d472f37,irinavard,2026-04-10,18:49:24,-07:00,2026-04-10T18:49:24-07:00,2,12
style.css,49,css,5d472f37,irinavard,2026-04-10,18:49:24,-07:00,2026-04-10T18:49:24-07:00,0,0
style.css,50,css,5d472f37,irinavard,2026-04-10,18:49:24,-07:00,2026-04-10T18:49:24-07:00,0,0
style.css,51,css,5d472f37,irinavard,2026-04-10,18:49:24,-07:00,2026-04-10T18:49:24-07:00,0,4
style.css,52,css,5d472f37,irinavard,2026-04-10,18:49:24,-07:00,2026-04-10T18:49:24-07:00,2,12
style.css,53,css,5d472f37,irinavard,2026-04-10,18:49:24,-07:00,2026-04-10T18:49:24-07:00,2,30
style.css,54,css,5d472f37,irinavard,2026-04-10,18:49:24,-07:00,2026-04-10T18:49:24-07:00,2,7
style.css,55,css,5d472f37,irinavard,2026-04-10,18:49:24,-07:00,2026-04-10T18:49:24-07:00,0,0
style.css,56,css,5d472f37,irinavard,2026-04-10,18:49:24,-07:00,2026-04-10T18:49:24-07:00,0,0
style.css,57,css,5d472f37,irinavard,2026-04-10,18:49:24,-07:00,2026-04-10T18:49:24-07:00,0,5
style.css,58,css,5d472f37,irinavard,2026-04-10,18:49:24,-07:00,2026-04-10T18:49:24-07:00,2,12
style.css,59,css,5d472f37,irinavard,2026-04-10,18:49:24,-07:00,2026-04-10T18:49:24-07:00,2,29
style.css,60,css,5d472f37,irinavard,2026-04-10,18:49:24,-07:00,2026-04-10T18:49:24-07:00,2,18
style.css,61,css,5d472f37,irinavard,2026-04-10,18:49:24,-07:00,2026-04-10T18:49:24-07:00,0,0
style.css,62,css,5d472f37,irinavard,2026-04-10,18:49:24,-07:00,2026-04-10T18:49:24-07:00,0,0
style.css,63,css,5d472f37,irinavard,2026-04-10,18:49:24,-07:00,2026-04-10T18:49:24-07:00,0,6
style.css,64,css,5d472f37,irinavard,2026-04-10,18:49:24,-07:00,2026-04-10T18:49:24-07:00,2,18
style.css,65,css,5d472f37,irinavard,2026-04-10,18:49:24,-07:00,2026-04-10T18:49:24-07:00,0,0
style.css,66,css,5d472f37,irinavard,2026-04-10,18:49:24,-07:00,2026-04-10T18:49:24-07:00,0,0
style.css,67,css,5d472f37,irinavard,2026-04-10,18:49:24,-07:00,2026-04-10T18:49:24-07:00,0,9
style.css,68,css,5d472f37,irinavard,2026-04-10,18:49:24,-07:00,2026-04-10T18:49:24-07:00,2,12
style.css,69,css,5d472f37,irinavard,2026-04-10,18:49:24,-07:00,2026-04-10T18:49:24-07:00,2,58
style.css,70,css,5d472f37,irinavard,2026-04-10,18:49:24,-07:00,2026-04-10T18:49:24-07:00,2,7
style.css,71,css,5d472f37,irinavard,2026-04-10,18:49:24,-07:00,2026-04-10T18:49:24-07:00,2,17
style.css,72,css,5d472f37,irinavard,2026-04-10,18:49:24,-07:00,2026-04-10T18:49:24-07:00,0,0
style.css,73,css,5d472f37,irinavard,2026-04-10,18:49:24,-07:00,2026-04-10T18:49:24-07:00,0,0
style.css,74,css,5d472f37,irinavard,2026-04-10,18:49:24,-07:00,2026-04-10T18:49:24-07:00,0,17
style.css,75,css,5d472f37,irinavard,2026-04-10,18:49:24,-07:00,2026-04-10T18:49:24-07:00,2,12
style.css,76,css,5d472f37,irinavard,2026-04-10,18:49:24,-07:00,2026-04-10T18:49:24-07:00,2,7
style.css,77,css,5d472f37,irinavard,2026-04-10,18:49:24,-07:00,2026-04-10T18:49:24-07:00,2,19
style.css,78,css,5d472f37,irinavard,2026-04-10,18:49:24,-07:00,2026-04-10T18:49:24-07:00,0,0
style.css,79,css,5d472f37,irinavard,2026-04-10,18:49:24,-07:00,2026-04-10T18:49:24-07:00,0,0
style.css,80,css,5d472f37,irinavard,2026-04-10,18:49:24,-07:00,2026-04-10T18:49:24-07:00,0,20
style.css,81,css,5d472f37,irinavard,2026-04-10,18:49:24,-07:00,2026-04-10T18:49:24-07:00,2,8
style.css,82,css,5d472f37,irinavard,2026-04-10,18:49:24,-07:00,2026-04-10T18:49:24-07:00,0,0
style.css,83,css,5d472f37,irinavard,2026-04-10,18:49:24,-07:00,2026-04-10T18:49:24-07:00,0,0
style.css,84,css,5d472f37,irinavard,2026-04-10,18:49:24,-07:00,2026-04-10T18:49:24-07:00,0,22
style.css,85,css,5d472f37,irinavard,2026-04-10,18:49:24,-07:00,2026-04-10T18:49:24-07:00,2,15
style.css,86,css,5d472f37,irinavard,2026-04-10,18:49:24,-07:00,2026-04-10T18:49:24-07:00,2,17
style.css,87,css,5d472f37,irinavard,2026-04-10,18:49:24,-07:00,2026-04-10T18:49:24-07:00,0,0
style.css,88,css,5d472f37,irinavard,2026-04-10,18:49:24,-07:00,2026-04-10T18:49:24-07:00,0,0
style.css,89,css,5d472f37,irinavard,2026-04-10,18:49:24,-07:00,2026-04-10T18:49:24-07:00,0,2
style.css,90,css,5d472f37,irinavard,2026-04-10,18:49:24,-07:00,2026-04-10T18:49:24-07:00,2,14
style.css,91,css,5d472f37,irinavard,2026-04-10,18:49:24,-07:00,2026-04-10T18:49:24-07:00,0,0
style.css,92,css,5d472f37,irinavard,2026-04-10,18:49:24,-07:00,2026-04-10T18:49:24-07:00,0,0
style.css,93,css,5d472f37,irinavard,2026-04-10,18:49:24,-07:00,2026-04-10T18:49:24-07:00,0,3
style.css,94,css,5d472f37,irinavard,2026-04-10,18:49:24,-07:00,2026-04-10T18:49:24-07:00,2,10
style.css,95,css,5d472f37,irinavard,2026-04-10,18:49:24,-07:00,2026-04-10T18:49:24-07:00,2,15
style.css,96,css,5d472f37,irinavard,2026-04-10,18:49:24,-07:00,2026-04-10T18:49:24-07:00,0,0
style.css,97,css,5d472f37,irinavard,2026-04-10,18:49:24,-07:00,2026-04-10T18:49:24-07:00,0,0
style.css,98,css,5d472f37,irinavard,2026-04-10,18:49:24,-07:00,2026-04-10T18:49:24-07:00,0,13
style.css,99,css,5d472f37,irinavard,2026-04-10,18:49:24,-07:00,2026-04-10T18:49:24-07:00,0,11
style.css,100,css,5d472f37,irinavard,2026-04-10,18:49:24,-07:00,2026-04-10T18:49:24-07:00,2,16
style.css,101,css,5d472f37,irinavard,2026-04-10,18:49:24,-07:00,2026-04-10T18:49:24-07:00,0,0
style.css,102,css,5d472f37,irinavard,2026-04-10,18:49:24,-07:00,2026-04-10T18:49:24-07:00,0,0
style.css,103,css,5d472f37,irinavard,2026-04-10,18:49:24,-07:00,2026-04-10T18:49:24-07:00,0,6
style.css,104,css,5d472f37,irinavard,2026-04-10,18:49:24,-07:00,2026-04-10T18:49:24-07:00,2,41
style.css,105,css,5d472f37,irinavard,2026-04-10,18:49:24,-07:00,2026-04-10T18:49:24-07:00,2,24
style.css,106,css,5d472f37,irinavard,2026-04-10,18:49:24,-07:00,2026-04-10T18:49:24-07:00,2,14
style.css,107,css,5d472f37,irinavard,2026-04-10,18:49:24,-07:00,2026-04-10T18:49:24-07:00,2,19
style.css,108,css,5d472f37,irinavard,2026-04-10,18:49:24,-07:00,2026-04-10T18:49:24-07:00,0,0
style.css,109,css,5d472f37,irinavard,2026-04-10,18:49:24,-07:00,2026-04-10T18:49:24-07:00,0,0
style.css,110,css,5d472f37,irinavard,2026-04-10,18:49:24,-07:00,2026-04-10T18:49:24-07:00,0,11
style.css,111,css,5d472f37,irinavard,2026-04-10,18:49:24,-07:00,2026-04-10T18:49:24-07:00,2,16
style.css,112,css,5d472f37,irinavard,2026-04-10,18:49:24,-07:00,2026-04-10T18:49:24-07:00,0,0
style.css,113,css,5d472f37,irinavard,2026-04-10,18:49:24,-07:00,2026-04-10T18:49:24-07:00,0,0
style.css,114,css,5d472f37,irinavard,2026-04-10,18:49:24,-07:00,2026-04-10T18:49:24-07:00,0,18
style.css,115,css,5d472f37,irinavard,2026-04-10,18:49:24,-07:00,2026-04-10T18:49:24-07:00,2,12
style.css,116,css,5d472f37,irinavard,2026-04-10,18:49:24,-07:00,2026-04-10T18:49:24-07:00,2,29
style.css,117,css,5d472f37,irinavard,2026-04-10,18:49:24,-07:00,2026-04-10T18:49:24-07:00,2,20
style.css,118,css,5d472f37,irinavard,2026-04-10,18:49:24,-07:00,2026-04-10T18:49:24-07:00,0,0
style.css,119,css,5d472f37,irinavard,2026-04-10,18:49:24,-07:00,2026-04-10T18:49:24-07:00,0,0
style.css,120,css,5d472f37,irinavard,2026-04-10,18:49:24,-07:00,2026-04-10T18:49:24-07:00,0,21
style.css,121,css,5d472f37,irinavard,2026-04-10,18:49:24,-07:00,2026-04-10T18:49:24-07:00,2,14
style.css,122,css,5d472f37,irinavard,2026-04-10,18:49:24,-07:00,2026-04-10T18:49:24-07:00,2,8
style.css,123,css,5d472f37,irinavard,2026-04-10,18:49:24,-07:00,2026-04-10T18:49:24-07:00,0,0
style.css,124,css,5d472f37,irinavard,2026-04-10,18:49:24,-07:00,2026-04-10T18:49:24-07:00,0,0
style.css,125,css,5d472f37,irinavard,2026-04-10,18:49:24,-07:00,2026-04-10T18:49:24-07:00,0,19
style.css,126,css,5d472f37,irinavard,2026-04-10,18:49:24,-07:00,2026-04-10T18:49:24-07:00,0,23
style.css,127,css,5d472f37,irinavard,2026-04-10,18:49:24,-07:00,2026-04-10T18:49:24-07:00,2,16
style.css,128,css,5d472f37,irinavard,2026-04-10,18:49:24,-07:00,2026-04-10T18:49:24-07:00,2,21
style.css,129,css,5d472f37,irinavard,2026-04-10,18:49:24,-07:00,2026-04-10T18:49:24-07:00,2,8
style.css,130,css,5d472f37,irinavard,2026-04-10,18:49:24,-07:00,2026-04-10T18:49:24-07:00,0,0
style.css,131,css,5d472f37,irinavard,2026-04-10,18:49:24,-07:00,2026-04-10T18:49:24-07:00,0,0
style.css,132,css,5d472f37,irinavard,2026-04-10,18:49:24,-07:00,2026-04-10T18:49:24-07:00,0,16
style.css,133,css,5d472f37,irinavard,2026-04-10,18:49:24,-07:00,2026-04-10T18:49:24-07:00,2,17
style.css,134,css,5d472f37,irinavard,2026-04-10,18:49:24,-07:00,2026-04-10T18:49:24-07:00,2,21
style.css,135,css,5d472f37,irinavard,2026-04-10,18:49:24,-07:00,2026-04-10T18:49:24-07:00,0,0
style.css,136,css,5d472f37,irinavard,2026-04-10,18:49:24,-07:00,2026-04-10T18:49:24-07:00,0,0
style.css,137,css,5d472f37,irinavard,2026-04-10,18:49:24,-07:00,2026-04-10T18:49:24-07:00,0,6
style.css,138,css,5d472f37,irinavard,2026-04-10,18:49:24,-07:00,2026-04-10T18:49:24-07:00,2,18
style.css,139,css,5d472f37,irinavard,2026-04-10,18:49:24,-07:00,2026-04-10T18:49:24-07:00,2,26
style.css,140,css,5d472f37,irinavard,2026-04-10,18:49:24,-07:00,2026-04-10T18:49:24-07:00,0,0
style.css,141,css,5d472f37,irinavard,2026-04-10,18:49:24,-07:00,2026-04-10T18:49:24-07:00,0,0
style.css,142,css,5d472f37,irinavard,2026-04-10,18:49:24,-07:00,2026-04-10T18:49:24-07:00,0,8
style.css,143,css,5d472f37,irinavard,2026-04-10,18:49:24,-07:00,2026-04-10T18:49:24-07:00,2,17
style.css,144,css,5d472f37,irinavard,2026-04-10,18:49:24,-07:00,2026-04-10T18:49:24-07:00,2,14
style.css,145,css,5d472f37,irinavard,2026-04-10,18:49:24,-07:00,2026-04-10T18:49:24-07:00,0,0
style.css,146,css,5d472f37,irinavard,2026-04-10,18:49:24,-07:00,2026-04-10T18:49:24-07:00,0,0
style.css,147,css,5d472f37,irinavard,2026-04-10,18:49:24,-07:00,2026-04-10T18:49:24-07:00,0,11
style.css,148,css,5d472f37,irinavard,2026-04-10,18:49:24,-07:00,2026-04-10T18:49:24-07:00,2,17
style.css,149,css,5d472f37,irinavard,2026-04-10,18:49:24,-07:00,2026-04-10T18:49:24-07:00,2,15
style.css,150,css,5d472f37,irinavard,2026-04-10,18:49:24,-07:00,2026-04-10T18:49:24-07:00,2,21
style.css,151,css,d963fc61,irinavard,2026-04-17,15:24:37,-07:00,2026-04-17T15:24:37-07:00,0,0
style.css,152,css,d963fc61,irinavard,2026-04-17,15:24:37,-07:00,2026-04-17T15:24:37-07:00,0,0
style.css,153,css,d963fc61,irinavard,2026-04-17,15:24:37,-07:00,2026-04-17T15:24:37-07:00,0,4
style.css,154,css,d963fc61,irinavard,2026-04-17,15:24:37,-07:00,2026-04-17T15:24:37-07:00,2,32
style.css,155,css,d963fc61,irinavard,2026-04-17,15:24:37,-07:00,2026-04-17T15:24:37-07:00,2,23
style.css,156,css,d963fc61,irinavard,2026-04-17,15:24:37,-07:00,2026-04-17T15:24:37-07:00,0,0
style.css,157,css,d963fc61,irinavard,2026-04-17,15:24:37,-07:00,2026-04-17T15:24:37-07:00,0,0
style.css,158,css,d963fc61,irinavard,2026-04-17,15:24:37,-07:00,2026-04-17T15:24:37-07:00,0,13
style.css,159,css,d963fc61,irinavard,2026-04-17,15:24:37,-07:00,2026-04-17T15:24:37-07:00,2,17
style.css,160,css,d963fc61,irinavard,2026-04-17,15:24:37,-07:00,2026-04-17T15:24:37-07:00,2,8
style.css,161,css,d963fc61,irinavard,2026-04-17,15:24:37,-07:00,2026-04-17T15:24:37-07:00,2,10
style.css,162,css,d963fc61,irinavard,2026-04-17,15:24:37,-07:00,2026-04-17T15:24:37-07:00,2,13
style.css,163,css,d5436647,irinavard,2026-05-01,15:28:25,-07:00,2026-05-01T15:28:25-07:00,0,0
style.css,164,css,d5436647,irinavard,2026-05-01,15:28:25,-07:00,2026-05-01T15:28:25-07:00,0,0
style.css,165,css,d5436647,irinavard,2026-05-01,15:28:25,-07:00,2026-05-01T15:28:25-07:00,0,13
style.css,166,css,d5436647,irinavard,2026-05-01,15:28:25,-07:00,2026-05-01T15:28:25-07:00,2,21
style.css,167,css,d5436647,irinavard,2026-05-01,15:28:25,-07:00,2026-05-01T15:28:25-07:00,2,30
style.css,168,css,d5436647,irinavard,2026-05-01,15:28:25,-07:00,2026-05-01T15:28:25-07:00,2,34
style.css,169,css,d5436647,irinavard,2026-05-01,15:28:25,-07:00,2026-05-01T15:28:25-07:00,2,8
style.css,170,css,d5436647,irinavard,2026-05-01,15:28:25,-07:00,2026-05-01T15:28:25-07:00,1,0
style.css,171,css,d5436647,irinavard,2026-05-01,15:28:25,-07:00,2026-05-01T15:28:25-07:00,0,0
style.css,172,css,d5436647,irinavard,2026-05-01,15:28:25,-07:00,2026-05-01T15:28:25-07:00,1,18
style.css,173,css,d5436647,irinavard,2026-05-01,15:28:25,-07:00,2026-05-01T15:28:25-07:00,2,14
style.css,174,css,d5436647,irinavard,2026-05-01,15:28:25,-07:00,2026-05-01T15:28:25-07:00,2,16
style.css,175,css,d5436647,irinavard,2026-05-01,15:28:25,-07:00,2026-05-01T15:28:25-07:00,2,16
style.css,176,css,d5436647,irinavard,2026-05-01,15:28:25,-07:00,2026-05-01T15:28:25-07:00,1,0
style.css,177,css,d5436647,irinavard,2026-05-01,15:28:25,-07:00,2026-05-01T15:28:25-07:00,0,0
style.css,178,css,d5436647,irinavard,2026-05-01,15:28:25,-07:00,2026-05-01T15:28:25-07:00,1,10
style.css,179,css,d5436647,irinavard,2026-05-01,15:28:25,-07:00,2026-05-01T15:28:25-07:00,2,12
style.css,180,css,d5436647,irinavard,2026-05-01,15:28:25,-07:00,2026-05-01T15:28:25-07:00,2,18
style.css,181,css,d5436647,irinavard,2026-05-01,15:28:25,-07:00,2026-05-01T15:28:25-07:00,2,7
style.css,182,css,d5436647,irinavard,2026-05-01,15:28:25,-07:00,2026-05-01T15:28:25-07:00,1,0
style.css,183,css,d5436647,irinavard,2026-05-01,15:28:25,-07:00,2026-05-01T15:28:25-07:00,1,0
style.css,184,css,d5436647,irinavard,2026-05-01,15:28:25,-07:00,2026-05-01T15:28:25-07:00,1,7
style.css,185,css,d5436647,irinavard,2026-05-01,15:28:25,-07:00,2026-05-01T15:28:25-07:00,2,12
style.css,186,css,d5436647,irinavard,2026-05-01,15:28:25,-07:00,2026-05-01T15:28:25-07:00,2,57
style.css,187,css,d5436647,irinavard,2026-05-01,15:28:25,-07:00,2026-05-01T15:28:25-07:00,2,7
style.css,188,css,d5436647,irinavard,2026-05-01,15:28:25,-07:00,2026-05-01T15:28:25-07:00,2,11
style.css,189,css,d5436647,irinavard,2026-05-01,15:28:25,-07:00,2026-05-01T15:28:25-07:00,2,12
style.css,190,css,d5436647,irinavard,2026-05-01,15:28:25,-07:00,2026-05-01T15:28:25-07:00,2,34
style.css,191,css,d5436647,irinavard,2026-05-01,15:28:25,-07:00,2026-05-01T15:28:25-07:00,2,6
style.css,192,css,d5436647,irinavard,2026-05-01,15:28:25,-07:00,2026-05-01T15:28:25-07:00,2,15
style.css,193,css,d5436647,irinavard,2026-05-01,15:28:25,-07:00,2026-05-01T15:28:25-07:00,1,0
style.css,194,css,d5436647,irinavard,2026-05-01,15:28:25,-07:00,2026-05-01T15:28:25-07:00,1,0
style.css,195,css,d5436647,irinavard,2026-05-01,15:28:25,-07:00,2026-05-01T15:28:25-07:00,1,12
style.css,196,css,d5436647,irinavard,2026-05-01,15:28:25,-07:00,2026-05-01T15:28:25-07:00,2,12
style.css,197,css,d5436647,irinavard,2026-05-01,15:28:25,-07:00,2026-05-01T15:28:25-07:00,2,18
style.css,198,css,d5436647,irinavard,2026-05-01,15:28:25,-07:00,2026-05-01T15:28:25-07:00,2,9
style.css,199,css,d5436647,irinavard,2026-05-01,15:28:25,-07:00,2026-05-01T15:28:25-07:00,1,0
style.css,200,css,d5436647,irinavard,2026-05-01,15:28:25,-07:00,2026-05-01T15:28:25-07:00,1,0
style.css,201,css,d5436647,irinavard,2026-05-01,15:28:25,-07:00,2026-05-01T15:28:25-07:00,1,7
style.css,202,css,d5436647,irinavard,2026-05-01,15:28:25,-07:00,2026-05-01T15:28:25-07:00,2,20
style.css,203,css,d5436647,irinavard,2026-05-01,15:28:25,-07:00,2026-05-01T15:28:25-07:00,2,9
style.css,204,css,d5436647,irinavard,2026-05-01,15:28:25,-07:00,2026-05-01T15:28:25-07:00,2,10
style.css,205,css,d5436647,irinavard,2026-05-01,15:28:25,-07:00,2026-05-01T15:28:25-07:00,2,29
style.css,206,css,d5436647,irinavard,2026-05-01,15:28:25,-07:00,2026-05-01T15:28:25-07:00,2,17
style.css,207,css,d5436647,irinavard,2026-05-01,15:28:25,-07:00,2026-05-01T15:28:25-07:00,2,13
style.css,208,css,d5436647,irinavard,2026-05-01,15:28:25,-07:00,2026-05-01T15:28:25-07:00,1,0
style.css,209,css,d5436647,irinavard,2026-05-01,15:28:25,-07:00,2026-05-01T15:28:25-07:00,0,0
style.css,210,css,d5436647,irinavard,2026-05-01,15:28:25,-07:00,2026-05-01T15:28:25-07:00,1,10
style.css,211,css,d5436647,irinavard,2026-05-01,15:28:25,-07:00,2026-05-01T15:28:25-07:00,2,10
style.css,212,css,d5436647,irinavard,2026-05-01,15:28:25,-07:00,2026-05-01T15:28:25-07:00,2,13
style.css,213,css,d5436647,irinavard,2026-05-01,15:28:25,-07:00,2026-05-01T15:28:25-07:00,2,16
style.css,214,css,d5436647,irinavard,2026-05-01,15:28:25,-07:00,2026-05-01T15:28:25-07:00,2,12
style.css,215,css,d5436647,irinavard,2026-05-01,15:28:25,-07:00,2026-05-01T15:28:25-07:00,2,21
style.css,216,css,d5436647,irinavard,2026-05-01,15:28:25,-07:00,2026-05-01T15:28:25-07:00,1,0
style.css,217,css,d5436647,irinavard,2026-05-01,15:28:25,-07:00,2026-05-01T15:28:25-07:00,0,0
style.css,218,css,d5436647,irinavard,2026-05-01,15:28:25,-07:00,2026-05-01T15:28:25-07:00,1,18
style.css,219,css,d5436647,irinavard,2026-05-01,15:28:25,-07:00,2026-05-01T15:28:25-07:00,2,14
style.css,220,css,d5436647,irinavard,2026-05-01,15:28:25,-07:00,2026-05-01T15:28:25-07:00,2,16
style.css,221,css,d5436647,irinavard,2026-05-01,15:28:25,-07:00,2026-05-01T15:28:25-07:00,2,16
style.css,222,css,d5436647,irinavard,2026-05-01,15:28:25,-07:00,2026-05-01T15:28:25-07:00,1,0
style.css,223,css,d5436647,irinavard,2026-05-01,15:28:25,-07:00,2026-05-01T15:28:25-07:00,2,4
style.css,224,css,d5436647,irinavard,2026-05-01,15:28:25,-07:00,2026-05-01T15:28:25-07:00,3,16
style.css,225,css,d5436647,irinavard,2026-05-01,15:28:25,-07:00,2026-05-01T15:28:25-07:00,3,14
style.css,226,css,d5436647,irinavard,2026-05-01,15:28:25,-07:00,2026-05-01T15:28:25-07:00,2,0
style.css,227,css,d5436647,irinavard,2026-05-01,15:28:25,-07:00,2026-05-01T15:28:25-07:00,1,0
style.css,228,css,d5436647,irinavard,2026-05-01,15:28:25,-07:00,2026-05-01T15:28:25-07:00,2,17
style.css,229,css,d5436647,irinavard,2026-05-01,15:28:25,-07:00,2026-05-01T15:28:25-07:00,3,16
style.css,230,css,d5436647,irinavard,2026-05-01,15:28:25,-07:00,2026-05-01T15:28:25-07:00,4,11
style.css,231,css,d5436647,irinavard,2026-05-01,15:28:25,-07:00,2026-05-01T15:28:25-07:00,3,0
style.css,232,css,d5436647,irinavard,2026-05-01,15:28:25,-07:00,2026-05-01T15:28:25-07:00,2,0
style.css,233,css,d5436647,irinavard,2026-05-01,15:28:25,-07:00,2026-05-01T15:28:25-07:00,1,0
style.css,234,css,d5436647,irinavard,2026-05-01,15:28:25,-07:00,2026-05-01T15:28:25-07:00,1,0
style.css,235,css,d5436647,irinavard,2026-05-01,15:28:25,-07:00,2026-05-01T15:28:25-07:00,1,9
style.css,236,css,d5436647,irinavard,2026-05-01,15:28:25,-07:00,2026-05-01T15:28:25-07:00,2,35
style.css,237,css,d5436647,irinavard,2026-05-01,15:28:25,-07:00,2026-05-01T15:28:25-07:00,1,0
style.css,238,css,d5436647,irinavard,2026-05-01,15:28:25,-07:00,2026-05-01T15:28:25-07:00,2,10
style.css,239,css,d5436647,irinavard,2026-05-01,15:28:25,-07:00,2026-05-01T15:28:25-07:00,3,17
style.css,240,css,d5436647,irinavard,2026-05-01,15:28:25,-07:00,2026-05-01T15:28:25-07:00,2,0
style.css,241,css,d5436647,irinavard,2026-05-01,15:28:25,-07:00,2026-05-01T15:28:25-07:00,1,0
index.js,1,js,ba1abb0f,irinavard,2026-04-23,16:38:03,-07:00,2026-04-23T16:38:03-07:00,0,71
index.js,2,js,ba1abb0f,irinavard,2026-04-23,16:38:03,-07:00,2026-04-23T16:38:03-07:00,0,0
index.js,3,js,ba1abb0f,irinavard,2026-04-23,16:38:03,-07:00,2026-04-23T16:38:03-07:00,0,54
index.js,4,js,ba1abb0f,irinavard,2026-04-23,16:38:03,-07:00,2026-04-23T16:38:03-07:00,0,42
index.js,5,js,ba1abb0f,irinavard,2026-04-23,16:38:03,-07:00,2026-04-23T16:38:03-07:00,0,60
index.js,6,js,ba1abb0f,irinavard,2026-04-23,16:38:03,-07:00,2026-04-23T16:38:03-07:00,0,54
index.js,7,js,ba1abb0f,irinavard,2026-04-23,16:38:03,-07:00,2026-04-23T16:38:03-07:00,0,0
index.js,8,js,ba1abb0f,irinavard,2026-04-23,16:38:03,-07:00,2026-04-23T16:38:03-07:00,0,52
index.js,9,js,ba1abb0f,irinavard,2026-04-23,16:38:03,-07:00,2026-04-23T16:38:03-07:00,0,60
index.js,10,js,ba1abb0f,irinavard,2026-04-23,16:38:03,-07:00,2026-04-23T16:38:03-07:00,0,17
index.js,11,js,ba1abb0f,irinavard,2026-04-23,16:38:03,-07:00,2026-04-23T16:38:03-07:00,1,24
index.js,12,js,ba1abb0f,irinavard,2026-04-23,16:38:03,-07:00,2026-04-23T16:38:03-07:00,2,2
index.js,13,js,ba1abb0f,irinavard,2026-04-23,16:38:03,-07:00,2026-04-23T16:38:03-07:00,3,55
index.js,14,js,ba1abb0f,irinavard,2026-04-23,16:38:03,-07:00,2026-04-23T16:38:03-07:00,3,55
index.js,15,js,ba1abb0f,irinavard,2026-04-23,16:38:03,-07:00,2026-04-23T16:38:03-07:00,3,49
index.js,16,js,ba1abb0f,irinavard,2026-04-23,16:38:03,-07:00,2026-04-23T16:38:03-07:00,3,49
index.js,17,js,ba1abb0f,irinavard,2026-04-23,16:38:03,-07:00,2026-04-23T16:38:03-07:00,2,3
index.js,18,js,ba1abb0f,irinavard,2026-04-23,16:38:03,-07:00,2026-04-23T16:38:03-07:00,1,0
index.js,19,js,ba1abb0f,irinavard,2026-04-23,16:38:03,-07:00,2026-04-23T16:38:03-07:00,0,0
index.html,1,html,26a0fbc6,irinavard,2026-04-03,12:49:07,-07:00,2026-04-03T12:49:07-07:00,0,13
index.html,2,html,26a0fbc6,irinavard,2026-04-03,12:49:07,-07:00,2026-04-03T12:49:07-07:00,0,14
index.html,3,html,26a0fbc6,irinavard,2026-04-03,12:49:07,-07:00,2026-04-03T12:49:07-07:00,0,4
index.html,4,html,d963fc61,irinavard,2026-04-17,15:24:37,-07:00,2026-04-17T15:24:37-07:00,2,45
index.html,5,html,ba1abb0f,irinavard,2026-04-23,16:38:03,-07:00,2026-04-23T16:38:03-07:00,2,50
index.html,6,html,26a0fbc6,irinavard,2026-04-03,12:49:07,-07:00,2026-04-03T12:49:07-07:00,2,20
index.html,7,html,26a0fbc6,irinavard,2026-04-03,12:49:07,-07:00,2026-04-03T12:49:07-07:00,2,68
index.html,8,html,26a0fbc6,irinavard,2026-04-03,12:49:07,-07:00,2026-04-03T12:49:07-07:00,2,59
index.html,9,html,8570cfb9,irinavard,2026-04-03,13:33:51,-07:00,2026-04-03T13:33:51-07:00,2,38
index.html,10,html,26a0fbc6,irinavard,2026-04-03,12:49:07,-07:00,2026-04-03T12:49:07-07:00,0,5
index.html,11,html,26a0fbc6,irinavard,2026-04-03,12:49:07,-07:00,2026-04-03T12:49:07-07:00,0,4
index.html,12,html,ba1abb0f,irinavard,2026-04-23,16:38:03,-07:00,2026-04-23T16:38:03-07:00,2,24
index.html,13,html,6deb8ee0,irinavard,2026-04-03,19:30:23,-07:00,2026-04-03T19:30:23-07:00,2,103
index.html,14,html,ba1abb0f,irinavard,2026-04-23,16:38:03,-07:00,2026-04-23T16:38:03-07:00,2,68
index.html,15,html,ba1abb0f,irinavard,2026-04-23,16:38:03,-07:00,2026-04-23T16:38:03-07:00,0,0
index.html,16,html,ba1abb0f,irinavard,2026-04-23,16:38:03,-07:00,2026-04-23T16:38:03-07:00,2,22
index.html,17,html,ba1abb0f,irinavard,2026-04-23,16:38:03,-07:00,2026-04-23T16:38:03-07:00,2,26
index.html,18,html,ba1abb0f,irinavard,2026-04-23,16:38:03,-07:00,2026-04-23T16:38:03-07:00,0,0
index.html,19,html,ba1abb0f,irinavard,2026-04-23,16:38:03,-07:00,2026-04-23T16:38:03-07:00,2,19
index.html,20,html,ba1abb0f,irinavard,2026-04-23,16:38:03,-07:00,2026-04-23T16:38:03-07:00,2,28
index.html,21,html,26a0fbc6,irinavard,2026-04-03,12:49:07,-07:00,2026-04-03T12:49:07-07:00,0,5
index.html,22,html,26a0fbc6,irinavard,2026-04-03,12:49:07,-07:00,2026-04-03T12:49:07-07:00,0,5
global.js,1,js,d963fc61,irinavard,2026-04-17,15:24:37,-07:00,2026-04-17T15:24:37-07:00,0,25
global.js,2,js,d963fc61,irinavard,2026-04-17,15:24:37,-07:00,2026-04-17T15:24:37-07:00,0,0
global.js,3,js,d963fc61,irinavard,2026-04-17,15:24:37,-07:00,2026-04-17T15:24:37-07:00,0,41
global.js,4,js,d963fc61,irinavard,2026-04-17,15:24:37,-07:00,2026-04-17T15:24:37-07:00,1,52
global.js,5,js,d963fc61,irinavard,2026-04-17,15:24:37,-07:00,2026-04-17T15:24:37-07:00,0,0
global.js,6,js,d963fc61,irinavard,2026-04-17,15:24:37,-07:00,2026-04-17T15:24:37-07:00,0,0
global.js,7,js,d963fc61,irinavard,2026-04-17,15:24:37,-07:00,2026-04-17T15:24:37-07:00,0,88
global.js,8,js,d963fc61,irinavard,2026-04-17,15:24:37,-07:00,2026-04-17T15:24:37-07:00,1,3
global.js,9,js,d963fc61,irinavard,2026-04-17,15:24:37,-07:00,2026-04-17T15:24:37-07:00,1,40
global.js,10,js,d963fc61,irinavard,2026-04-17,15:24:37,-07:00,2026-04-17T15:24:37-07:00,0,0
global.js,11,js,00000000,Not Committed Yet,2026-05-09,17:31:15,-07:00,2026-05-09T17:31:15-07:00,1,11
global.js,12,js,00000000,Not Committed Yet,2026-05-09,17:31:15,-07:00,2026-05-09T17:31:15-07:00,2,25
global.js,13,js,00000000,Not Committed Yet,2026-05-09,17:31:15,-07:00,2026-05-09T17:31:15-07:00,2,38
global.js,14,js,00000000,Not Committed Yet,2026-05-09,17:31:15,-07:00,2026-05-09T17:31:15-07:00,2,36
global.js,15,js,00000000,Not Committed Yet,2026-05-09,17:31:15,-07:00,2026-05-09T17:31:15-07:00,2,26
global.js,16,js,00000000,Not Committed Yet,2026-05-09,17:31:15,-07:00,2026-05-09T17:31:15-07:00,2,30
global.js,17,js,00000000,Not Committed Yet,2026-05-09,17:31:15,-07:00,2026-05-09T17:31:15-07:00,2,55
global.js,18,js,00000000,Not Committed Yet,2026-05-09,17:31:15,-07:00,2026-05-09T17:31:15-07:00,1,0
global.js,19,js,d963fc61,irinavard,2026-04-17,15:24:37,-07:00,2026-04-17T15:24:37-07:00,0,0
global.js,20,js,d963fc61,irinavard,2026-04-17,15:24:37,-07:00,2026-04-17T15:24:37-07:00,0,38
global.js,21,js,d963fc61,irinavard,2026-04-17,15:24:37,-07:00,2026-04-17T15:24:37-07:00,0,25
global.js,22,js,d963fc61,irinavard,2026-04-17,15:24:37,-07:00,2026-04-17T15:24:37-07:00,0,0
global.js,23,js,d963fc61,irinavard,2026-04-17,15:24:37,-07:00,2026-04-17T15:24:37-07:00,0,31
global.js,24,js,d963fc61,irinavard,2026-04-17,15:24:37,-07:00,2026-04-17T15:24:37-07:00,2,11
global.js,25,js,d963fc61,irinavard,2026-04-17,15:24:37,-07:00,2026-04-17T15:24:37-07:00,2,0
global.js,26,js,d963fc61,irinavard,2026-04-17,15:24:37,-07:00,2026-04-17T15:24:37-07:00,2,26
global.js,27,js,d963fc61,irinavard,2026-04-17,15:24:37,-07:00,2026-04-17T15:24:37-07:00,3,4
global.js,28,js,d963fc61,irinavard,2026-04-17,15:24:37,-07:00,2026-04-17T15:24:37-07:00,3,6
global.js,29,js,d963fc61,irinavard,2026-04-17,15:24:37,-07:00,2026-04-17T15:24:37-07:00,4,43
global.js,30,js,d963fc61,irinavard,2026-04-17,15:24:37,-07:00,2026-04-17T15:24:37-07:00,4,34
global.js,31,js,d963fc61,irinavard,2026-04-17,15:24:37,-07:00,2026-04-17T15:24:37-07:00,4,32
global.js,32,js,d963fc61,irinavard,2026-04-17,15:24:37,-07:00,2026-04-17T15:24:37-07:00,3,7
global.js,33,js,d963fc61,irinavard,2026-04-17,15:24:37,-07:00,2026-04-17T15:24:37-07:00,2,8
global.js,34,js,d963fc61,irinavard,2026-04-17,15:24:37,-07:00,2026-04-17T15:24:37-07:00,1,0
global.js,35,js,d963fc61,irinavard,2026-04-17,15:24:37,-07:00,2026-04-17T15:24:37-07:00,0,0
global.js,36,js,d963fc61,irinavard,2026-04-17,15:24:37,-07:00,2026-04-17T15:24:37-07:00,1,58
global.js,37,js,d963fc61,irinavard,2026-04-17,15:24:37,-07:00,2026-04-17T15:24:37-07:00,0,0
global.js,38,js,d963fc61,irinavard,2026-04-17,15:24:37,-07:00,2026-04-17T15:24:37-07:00,1,36
global.js,39,js,d963fc61,irinavard,2026-04-17,15:24:37,-07:00,2026-04-17T15:24:37-07:00,3,70
global.js,40,js,d963fc61,irinavard,2026-04-17,15:24:37,-07:00,2026-04-17T15:24:37-07:00,3,25
global.js,41,js,d963fc61,irinavard,2026-04-17,15:24:37,-07:00,2026-04-17T15:24:37-07:00,1,0
global.js,42,js,d963fc61,irinavard,2026-04-17,15:24:37,-07:00,2026-04-17T15:24:37-07:00,1,0
global.js,43,js,d963fc61,irinavard,2026-04-17,15:24:37,-07:00,2026-04-17T15:24:37-07:00,1,34
global.js,44,js,d963fc61,irinavard,2026-04-17,15:24:37,-07:00,2026-04-17T15:24:37-07:00,3,39
global.js,45,js,d963fc61,irinavard,2026-04-17,15:24:37,-07:00,2026-04-17T15:24:37-07:00,1,0
global.js,46,js,d963fc61,irinavard,2026-04-17,15:24:37,-07:00,2026-04-17T15:24:37-07:00,1,0
global.js,47,js,d963fc61,irinavard,2026-04-17,15:24:37,-07:00,2026-04-17T15:24:37-07:00,1,49
global.js,48,js,d963fc61,irinavard,2026-04-17,15:24:37,-07:00,2026-04-17T15:24:37-07:00,3,44
global.js,49,js,d963fc61,irinavard,2026-04-17,15:24:37,-07:00,2026-04-17T15:24:37-07:00,3,33
global.js,50,js,d963fc61,irinavard,2026-04-17,15:24:37,-07:00,2026-04-17T15:24:37-07:00,1,1
global.js,51,js,d963fc61,irinavard,2026-04-17,15:24:37,-07:00,2026-04-17T15:24:37-07:00,0,0
global.js,52,js,d963fc61,irinavard,2026-04-17,15:24:37,-07:00,2026-04-17T15:24:37-07:00,0,20
global.js,53,js,d963fc61,irinavard,2026-04-17,15:24:37,-07:00,2026-04-17T15:24:37-07:00,1,14
global.js,54,js,d963fc61,irinavard,2026-04-17,15:24:37,-07:00,2026-04-17T15:24:37-07:00,1,18
global.js,55,js,d963fc61,irinavard,2026-04-17,15:24:37,-07:00,2026-04-17T15:24:37-07:00,0,0
global.js,56,js,d963fc61,irinavard,2026-04-17,15:24:37,-07:00,2026-04-17T15:24:37-07:00,1,52
global.js,57,js,d963fc61,irinavard,2026-04-17,15:24:37,-07:00,2026-04-17T15:24:37-07:00,0,0
global.js,58,js,d963fc61,irinavard,2026-04-17,15:24:37,-07:00,2026-04-17T15:24:37-07:00,1,34
global.js,59,js,d963fc61,irinavard,2026-04-17,15:24:37,-07:00,2026-04-17T15:24:37-07:00,1,11
global.js,60,js,d963fc61,irinavard,2026-04-17,15:24:37,-07:00,2026-04-17T15:24:37-07:00,1,20
global.js,61,js,d963fc61,irinavard,2026-04-17,15:24:37,-07:00,2026-04-17T15:24:37-07:00,1,12
global.js,62,js,d963fc61,irinavard,2026-04-17,15:24:37,-07:00,2026-04-17T15:24:37-07:00,0,0
global.js,63,js,d963fc61,irinavard,2026-04-17,15:24:37,-07:00,2026-04-17T15:24:37-07:00,1,90
global.js,64,js,d963fc61,irinavard,2026-04-17,15:24:37,-07:00,2026-04-17T15:24:37-07:00,0,0
global.js,65,js,d963fc61,irinavard,2026-04-17,15:24:37,-07:00,2026-04-17T15:24:37-07:00,1,29
global.js,66,js,d963fc61,irinavard,2026-04-17,15:24:37,-07:00,2026-04-17T15:24:37-07:00,2,18
global.js,67,js,d963fc61,irinavard,2026-04-17,15:24:37,-07:00,2026-04-17T15:24:37-07:00,1,0
global.js,68,js,d963fc61,irinavard,2026-04-17,15:24:37,-07:00,2026-04-17T15:24:37-07:00,0,0
global.js,69,js,d963fc61,irinavard,2026-04-17,15:24:37,-07:00,2026-04-17T15:24:37-07:00,0,0
global.js,70,js,d963fc61,irinavard,2026-04-17,15:24:37,-07:00,2026-04-17T15:24:37-07:00,0,40
global.js,71,js,d963fc61,irinavard,2026-04-17,15:24:37,-07:00,2026-04-17T15:24:37-07:00,0,0
global.js,72,js,d963fc61,irinavard,2026-04-17,15:24:37,-07:00,2026-04-17T15:24:37-07:00,0,49
global.js,73,js,d963fc61,irinavard,2026-04-17,15:24:37,-07:00,2026-04-17T15:24:37-07:00,2,21
global.js,74,js,d963fc61,irinavard,2026-04-17,15:24:37,-07:00,2026-04-17T15:24:37-07:00,0,0
global.js,75,js,d963fc61,irinavard,2026-04-17,15:24:37,-07:00,2026-04-17T15:24:37-07:00,2,28
global.js,76,js,d963fc61,irinavard,2026-04-17,15:24:37,-07:00,2026-04-17T15:24:37-07:00,2,26
global.js,77,js,d963fc61,irinavard,2026-04-17,15:24:37,-07:00,2026-04-17T15:24:37-07:00,2,14
global.js,78,js,d963fc61,irinavard,2026-04-17,15:24:37,-07:00,2026-04-17T15:24:37-07:00,0,0
global.js,79,js,d963fc61,irinavard,2026-04-17,15:24:37,-07:00,2026-04-17T15:24:37-07:00,2,31
global.js,80,js,d963fc61,irinavard,2026-04-17,15:24:37,-07:00,2026-04-17T15:24:37-07:00,4,50
global.js,81,js,d963fc61,irinavard,2026-04-17,15:24:37,-07:00,2026-04-17T15:24:37-07:00,2,0
global.js,82,js,d963fc61,irinavard,2026-04-17,15:24:37,-07:00,2026-04-17T15:24:37-07:00,0,0
global.js,83,js,d963fc61,irinavard,2026-04-17,15:24:37,-07:00,2026-04-17T15:24:37-07:00,2,22
global.js,84,js,d963fc61,irinavard,2026-04-17,15:24:37,-07:00,2026-04-17T15:24:37-07:00,2,18
global.js,85,js,ba1abb0f,irinavard,2026-04-23,16:38:03,-07:00,2026-04-23T16:38:03-07:00,0,1
global.js,86,js,ba1abb0f,irinavard,2026-04-23,16:38:03,-07:00,2026-04-23T16:38:03-07:00,0,0
global.js,87,js,ba1abb0f,irinavard,2026-04-23,16:38:03,-07:00,2026-04-23T16:38:03-07:00,0,36
global.js,88,js,ba1abb0f,irinavard,2026-04-23,16:38:03,-07:00,2026-04-23T16:38:03-07:00,1,3
global.js,89,js,ba1abb0f,irinavard,2026-04-23,16:38:03,-07:00,2026-04-23T16:38:03-07:00,2,32
global.js,90,js,ba1abb0f,irinavard,2026-04-23,16:38:03,-07:00,2026-04-23T16:38:03-07:00,2,17
global.js,91,js,ba1abb0f,irinavard,2026-04-23,16:38:03,-07:00,2026-04-23T16:38:03-07:00,3,57
global.js,92,js,ba1abb0f,irinavard,2026-04-23,16:38:03,-07:00,2026-04-23T16:38:03-07:00,2,0
global.js,93,js,ba1abb0f,irinavard,2026-04-23,16:38:03,-07:00,2026-04-23T16:38:03-07:00,2,33
global.js,94,js,ba1abb0f,irinavard,2026-04-23,16:38:03,-07:00,2026-04-23T16:38:03-07:00,2,10
global.js,95,js,ba1abb0f,irinavard,2026-04-23,16:38:03,-07:00,2026-04-23T16:38:03-07:00,1,15
global.js,96,js,ba1abb0f,irinavard,2026-04-23,16:38:03,-07:00,2026-04-23T16:38:03-07:00,2,59
global.js,97,js,ba1abb0f,irinavard,2026-04-23,16:38:03,-07:00,2026-04-23T16:38:03-07:00,1,0
global.js,98,js,ba1abb0f,irinavard,2026-04-23,16:38:03,-07:00,2026-04-23T16:38:03-07:00,0,0
global.js,99,js,ba1abb0f,irinavard,2026-04-23,16:38:03,-07:00,2026-04-23T16:38:03-07:00,0,0
global.js,100,js,ba1abb0f,irinavard,2026-04-23,16:38:03,-07:00,2026-04-23T16:38:03-07:00,0,79
global.js,101,js,ba1abb0f,irinavard,2026-04-23,16:38:03,-07:00,2026-04-23T16:38:03-07:00,1,30
global.js,102,js,ba1abb0f,irinavard,2026-04-23,16:38:03,-07:00,2026-04-23T16:38:03-07:00,1,29
global.js,103,js,ba1abb0f,irinavard,2026-04-23,16:38:03,-07:00,2026-04-23T16:38:03-07:00,2,48
global.js,104,js,ba1abb0f,irinavard,2026-04-23,16:38:03,-07:00,2026-04-23T16:38:03-07:00,2,19
global.js,105,js,ba1abb0f,irinavard,2026-04-23,16:38:03,-07:00,2026-04-23T16:38:03-07:00,3,49
global.js,106,js,ba1abb0f,irinavard,2026-04-23,16:38:03,-07:00,2026-04-23T16:38:03-07:00,3,49
global.js,107,js,d5436647,irinavard,2026-05-01,15:28:25,-07:00,2026-05-01T15:28:25-07:00,3,3
global.js,108,js,d5436647,irinavard,2026-05-01,15:28:25,-07:00,2026-05-01T15:28:25-07:00,4,27
global.js,109,js,d5436647,irinavard,2026-05-01,15:28:25,-07:00,2026-05-01T15:28:25-07:00,4,41
global.js,110,js,d5436647,irinavard,2026-05-01,15:28:25,-07:00,2026-05-01T15:28:25-07:00,3,4
global.js,111,js,ba1abb0f,irinavard,2026-04-23,16:38:03,-07:00,2026-04-23T16:38:03-07:00,2,0
global.js,112,js,ba1abb0f,irinavard,2026-04-23,16:38:03,-07:00,2026-04-23T16:38:03-07:00,2,36
global.js,113,js,ba1abb0f,irinavard,2026-04-23,16:38:03,-07:00,2026-04-23T16:38:03-07:00,1,0
global.js,114,js,ba1abb0f,irinavard,2026-04-23,16:38:03,-07:00,2026-04-23T16:38:03-07:00,0,0
global.js,115,js,ba1abb0f,irinavard,2026-04-23,16:38:03,-07:00,2026-04-23T16:38:03-07:00,0,0
global.js,116,js,ba1abb0f,irinavard,2026-04-23,16:38:03,-07:00,2026-04-23T16:38:03-07:00,0,47
global.js,117,js,ba1abb0f,irinavard,2026-04-23,16:38:03,-07:00,2026-04-23T16:38:03-07:00,1,59
global.js,118,js,ba1abb0f,irinavard,2026-04-23,16:38:03,-07:00,2026-04-23T16:38:03-07:00,0,0
projects/projects.js,1,js,ba1abb0f,irinavard,2026-04-23,16:38:03,-07:00,2026-04-23T16:38:03-07:00,0,55
projects/projects.js,2,js,d5436647,irinavard,2026-05-01,15:28:25,-07:00,2026-05-01T15:28:25-07:00,0,63
projects/projects.js,3,js,ba1abb0f,irinavard,2026-04-23,16:38:03,-07:00,2026-04-23T16:38:03-07:00,0,0
projects/projects.js,4,js,ba1abb0f,irinavard,2026-04-23,16:38:03,-07:00,2026-04-23T16:38:03-07:00,0,55
projects/projects.js,5,js,ba1abb0f,irinavard,2026-04-23,16:38:03,-07:00,2026-04-23T16:38:03-07:00,0,60
projects/projects.js,6,js,ba1abb0f,irinavard,2026-04-23,16:38:03,-07:00,2026-04-23T16:38:03-07:00,0,0
projects/projects.js,7,js,ba1abb0f,irinavard,2026-04-23,16:38:03,-07:00,2026-04-23T16:38:03-07:00,0,61
projects/projects.js,8,js,ba1abb0f,irinavard,2026-04-23,16:38:03,-07:00,2026-04-23T16:38:03-07:00,0,17
projects/projects.js,9,js,ba1abb0f,irinavard,2026-04-23,16:38:03,-07:00,2026-04-23T16:38:03-07:00,1,57
projects/projects.js,10,js,ba1abb0f,irinavard,2026-04-23,16:38:03,-07:00,2026-04-23T16:38:03-07:00,0,0
projects/projects.js,11,js,ba1abb0f,irinavard,2026-04-23,16:38:03,-07:00,2026-04-23T16:38:03-07:00,0,0
projects/projects.js,12,js,d5436647,irinavard,2026-05-01,15:28:25,-07:00,2026-05-01T15:28:25-07:00,0,57
projects/projects.js,13,js,d5436647,irinavard,2026-05-01,15:28:25,-07:00,2026-05-01T15:28:25-07:00,0,47
projects/projects.js,14,js,d5436647,irinavard,2026-05-01,15:28:25,-07:00,2026-05-01T15:28:25-07:00,0,21
projects/projects.js,15,js,d5436647,irinavard,2026-05-01,15:28:25,-07:00,2026-05-01T15:28:25-07:00,0,13
projects/projects.js,16,js,d5436647,irinavard,2026-05-01,15:28:25,-07:00,2026-05-01T15:28:25-07:00,0,0
projects/projects.js,17,js,d5436647,irinavard,2026-05-01,15:28:25,-07:00,2026-05-01T15:28:25-07:00,0,38
projects/projects.js,18,js,d5436647,irinavard,2026-05-01,15:28:25,-07:00,2026-05-01T15:28:25-07:00,1,29
projects/projects.js,19,js,d5436647,irinavard,2026-05-01,15:28:25,-07:00,2026-05-01T15:28:25-07:00,2,12
projects/projects.js,20,js,d5436647,irinavard,2026-05-01,15:28:25,-07:00,2026-05-01T15:28:25-07:00,2,14
projects/projects.js,21,js,d5436647,irinavard,2026-05-01,15:28:25,-07:00,2026-05-01T15:28:25-07:00,2,12
projects/projects.js,22,js,d5436647,irinavard,2026-05-01,15:28:25,-07:00,2026-05-01T15:28:25-07:00,1,0
projects/projects.js,23,js,d5436647,irinavard,2026-05-01,15:28:25,-07:00,2026-05-01T15:28:25-07:00,0,0
projects/projects.js,24,js,d5436647,irinavard,2026-05-01,15:28:25,-07:00,2026-05-01T15:28:25-07:00,1,50
projects/projects.js,25,js,d5436647,irinavard,2026-05-01,15:28:25,-07:00,2026-05-01T15:28:25-07:00,2,35
projects/projects.js,26,js,d5436647,irinavard,2026-05-01,15:28:25,-07:00,2026-05-01T15:28:25-07:00,1,1
projects/projects.js,27,js,d5436647,irinavard,2026-05-01,15:28:25,-07:00,2026-05-01T15:28:25-07:00,0,0
projects/projects.js,28,js,d5436647,irinavard,2026-05-01,15:28:25,-07:00,2026-05-01T15:28:25-07:00,1,53
projects/projects.js,29,js,d5436647,irinavard,2026-05-01,15:28:25,-07:00,2026-05-01T15:28:25-07:00,1,42
projects/projects.js,30,js,d5436647,irinavard,2026-05-01,15:28:25,-07:00,2026-05-01T15:28:25-07:00,1,51
projects/projects.js,31,js,d5436647,irinavard,2026-05-01,15:28:25,-07:00,2026-05-01T15:28:25-07:00,0,0
projects/projects.js,32,js,d5436647,irinavard,2026-05-01,15:28:25,-07:00,2026-05-01T15:28:25-07:00,1,32
projects/projects.js,33,js,d5436647,irinavard,2026-05-01,15:28:25,-07:00,2026-05-01T15:28:25-07:00,1,25
projects/projects.js,34,js,d5436647,irinavard,2026-05-01,15:28:25,-07:00,2026-05-01T15:28:25-07:00,1,29
projects/projects.js,35,js,d5436647,irinavard,2026-05-01,15:28:25,-07:00,2026-05-01T15:28:25-07:00,1,44
projects/projects.js,36,js,d5436647,irinavard,2026-05-01,15:28:25,-07:00,2026-05-01T15:28:25-07:00,0,0
projects/projects.js,37,js,d5436647,irinavard,2026-05-01,15:28:25,-07:00,2026-05-01T15:28:25-07:00,1,15
projects/projects.js,38,js,d5436647,irinavard,2026-05-01,15:28:25,-07:00,2026-05-01T15:28:25-07:00,1,29
projects/projects.js,39,js,d5436647,irinavard,2026-05-01,15:28:25,-07:00,2026-05-01T15:28:25-07:00,2,1
projects/projects.js,40,js,d5436647,irinavard,2026-05-01,15:28:25,-07:00,2026-05-01T15:28:25-07:00,3,13
projects/projects.js,41,js,d5436647,irinavard,2026-05-01,15:28:25,-07:00,2026-05-01T15:28:25-07:00,3,13
projects/projects.js,42,js,d5436647,irinavard,2026-05-01,15:28:25,-07:00,2026-05-01T15:28:25-07:00,3,24
projects/projects.js,43,js,d5436647,irinavard,2026-05-01,15:28:25,-07:00,2026-05-01T15:28:25-07:00,3,53
projects/projects.js,44,js,d5436647,irinavard,2026-05-01,15:28:25,-07:00,2026-05-01T15:28:25-07:00,3,18
projects/projects.js,45,js,d5436647,irinavard,2026-05-01,15:28:25,-07:00,2026-05-01T15:28:25-07:00,4,47
projects/projects.js,46,js,d5436647,irinavard,2026-05-01,15:28:25,-07:00,2026-05-01T15:28:25-07:00,0,0
projects/projects.js,47,js,d5436647,irinavard,2026-05-01,15:28:25,-07:00,2026-05-01T15:28:25-07:00,4,1
projects/projects.js,48,js,d5436647,irinavard,2026-05-01,15:28:25,-07:00,2026-05-01T15:28:25-07:00,5,16
projects/projects.js,49,js,d5436647,irinavard,2026-05-01,15:28:25,-07:00,2026-05-01T15:28:25-07:00,5,62
projects/projects.js,50,js,d5436647,irinavard,2026-05-01,15:28:25,-07:00,2026-05-01T15:28:25-07:00,0,0
projects/projects.js,51,js,d5436647,irinavard,2026-05-01,15:28:25,-07:00,2026-05-01T15:28:25-07:00,4,18
projects/projects.js,52,js,d5436647,irinavard,2026-05-01,15:28:25,-07:00,2026-05-01T15:28:25-07:00,5,14
projects/projects.js,53,js,d5436647,irinavard,2026-05-01,15:28:25,-07:00,2026-05-01T15:28:25-07:00,5,22
projects/projects.js,54,js,d5436647,irinavard,2026-05-01,15:28:25,-07:00,2026-05-01T15:28:25-07:00,6,58
projects/projects.js,55,js,d5436647,irinavard,2026-05-01,15:28:25,-07:00,2026-05-01T15:28:25-07:00,5,0
projects/projects.js,56,js,d5436647,irinavard,2026-05-01,15:28:25,-07:00,2026-05-01T15:28:25-07:00,0,0
projects/projects.js,57,js,d5436647,irinavard,2026-05-01,15:28:25,-07:00,2026-05-01T15:28:25-07:00,4,25
projects/projects.js,58,js,d5436647,irinavard,2026-05-01,15:28:25,-07:00,2026-05-01T15:28:25-07:00,5,51
projects/projects.js,59,js,d5436647,irinavard,2026-05-01,15:28:25,-07:00,2026-05-01T15:28:25-07:00,6,59
projects/projects.js,60,js,d5436647,irinavard,2026-05-01,15:28:25,-07:00,2026-05-01T15:28:25-07:00,6,42
projects/projects.js,61,js,d5436647,irinavard,2026-05-01,15:28:25,-07:00,2026-05-01T15:28:25-07:00,5,1
projects/projects.js,62,js,d5436647,irinavard,2026-05-01,15:28:25,-07:00,2026-05-01T15:28:25-07:00,5,56
projects/projects.js,63,js,d5436647,irinavard,2026-05-01,15:28:25,-07:00,2026-05-01T15:28:25-07:00,4,6
projects/projects.js,64,js,d5436647,irinavard,2026-05-01,15:28:25,-07:00,2026-05-01T15:28:25-07:00,5,46
projects/projects.js,65,js,d5436647,irinavard,2026-05-01,15:28:25,-07:00,2026-05-01T15:28:25-07:00,5,51
projects/projects.js,66,js,d5436647,irinavard,2026-05-01,15:28:25,-07:00,2026-05-01T15:28:25-07:00,6,46
projects/projects.js,67,js,d5436647,irinavard,2026-05-01,15:28:25,-07:00,2026-05-01T15:28:25-07:00,6,59
projects/projects.js,68,js,d5436647,irinavard,2026-05-01,15:28:25,-07:00,2026-05-01T15:28:25-07:00,6,54
projects/projects.js,69,js,d5436647,irinavard,2026-05-01,15:28:25,-07:00,2026-05-01T15:28:25-07:00,6,33
projects/projects.js,70,js,d5436647,irinavard,2026-05-01,15:28:25,-07:00,2026-05-01T15:28:25-07:00,5,1
projects/projects.js,71,js,d5436647,irinavard,2026-05-01,15:28:25,-07:00,2026-05-01T15:28:25-07:00,5,56
projects/projects.js,72,js,d5436647,irinavard,2026-05-01,15:28:25,-07:00,2026-05-01T15:28:25-07:00,4,0
projects/projects.js,73,js,d5436647,irinavard,2026-05-01,15:28:25,-07:00,2026-05-01T15:28:25-07:00,3,1
projects/projects.js,74,js,d5436647,irinavard,2026-05-01,15:28:25,-07:00,2026-05-01T15:28:25-07:00,1,1
projects/projects.js,75,js,d5436647,irinavard,2026-05-01,15:28:25,-07:00,2026-05-01T15:28:25-07:00,0,0
projects/projects.js,76,js,d5436647,irinavard,2026-05-01,15:28:25,-07:00,2026-05-01T15:28:25-07:00,1,16
projects/projects.js,77,js,d5436647,irinavard,2026-05-01,15:28:25,-07:00,2026-05-01T15:28:25-07:00,1,32
projects/projects.js,78,js,d5436647,irinavard,2026-05-01,15:28:25,-07:00,2026-05-01T15:28:25-07:00,1,27
projects/projects.js,79,js,d5436647,irinavard,2026-05-01,15:28:25,-07:00,2026-05-01T15:28:25-07:00,2,4
projects/projects.js,80,js,d5436647,irinavard,2026-05-01,15:28:25,-07:00,2026-05-01T15:28:25-07:00,3,11
projects/projects.js,81,js,d5436647,irinavard,2026-05-01,15:28:25,-07:00,2026-05-01T15:28:25-07:00,3,38
projects/projects.js,82,js,d5436647,irinavard,2026-05-01,15:28:25,-07:00,2026-05-01T15:28:25-07:00,3,76
projects/projects.js,83,js,d5436647,irinavard,2026-05-01,15:28:25,-07:00,2026-05-01T15:28:25-07:00,3,69
projects/projects.js,84,js,d5436647,irinavard,2026-05-01,15:28:25,-07:00,2026-05-01T15:28:25-07:00,1,1
projects/projects.js,85,js,d5436647,irinavard,2026-05-01,15:28:25,-07:00,2026-05-01T15:28:25-07:00,0,0
projects/projects.js,86,js,d5436647,irinavard,2026-05-01,15:28:25,-07:00,2026-05-01T15:28:25-07:00,0,0
projects/projects.js,87,js,d5436647,irinavard,2026-05-01,15:28:25,-07:00,2026-05-01T15:28:25-07:00,0,20
projects/projects.js,88,js,d5436647,irinavard,2026-05-01,15:28:25,-07:00,2026-05-01T15:28:25-07:00,0,48
projects/projects.js,89,js,d5436647,irinavard,2026-05-01,15:28:25,-07:00,2026-05-01T15:28:25-07:00,0,23
projects/projects.js,90,js,d5436647,irinavard,2026-05-01,15:28:25,-07:00,2026-05-01T15:28:25-07:00,0,0
projects/projects.js,91,js,d5436647,irinavard,2026-05-01,15:28:25,-07:00,2026-05-01T15:28:25-07:00,0,21
projects/projects.js,92,js,d5436647,irinavard,2026-05-01,15:28:25,-07:00,2026-05-01T15:28:25-07:00,0,53
projects/projects.js,93,js,d5436647,irinavard,2026-05-01,15:28:25,-07:00,2026-05-01T15:28:25-07:00,0,0
projects/projects.js,94,js,d5436647,irinavard,2026-05-01,15:28:25,-07:00,2026-05-01T15:28:25-07:00,0,48
projects/projects.js,95,js,d5436647,irinavard,2026-05-01,15:28:25,-07:00,2026-05-01T15:28:25-07:00,1,25
projects/projects.js,96,js,d5436647,irinavard,2026-05-01,15:28:25,-07:00,2026-05-01T15:28:25-07:00,0,0
projects/projects.js,97,js,d5436647,irinavard,2026-05-01,15:28:25,-07:00,2026-05-01T15:28:25-07:00,1,51
projects/projects.js,98,js,d5436647,irinavard,2026-05-01,15:28:25,-07:00,2026-05-01T15:28:25-07:00,2,59
projects/projects.js,99,js,d5436647,irinavard,2026-05-01,15:28:25,-07:00,2026-05-01T15:28:25-07:00,2,42
projects/projects.js,100,js,d5436647,irinavard,2026-05-01,15:28:25,-07:00,2026-05-01T15:28:25-07:00,1,1
projects/projects.js,101,js,d5436647,irinavard,2026-05-01,15:28:25,-07:00,2026-05-01T15:28:25-07:00,0,0
projects/projects.js,102,js,d5436647,irinavard,2026-05-01,15:28:25,-07:00,2026-05-01T15:28:25-07:00,1,17
projects/projects.js,103,js,d5436647,irinavard,2026-05-01,15:28:25,-07:00,2026-05-01T15:28:25-07:00,1,56
projects/projects.js,104,js,d5436647,irinavard,2026-05-01,15:28:25,-07:00,2026-05-01T15:28:25-07:00,1,31
projects/projects.js,105,js,d5436647,irinavard,2026-05-01,15:28:25,-07:00,2026-05-01T15:28:25-07:00,0,1
projects/index.html,1,html,8570cfb9,irinavard,2026-04-03,13:33:51,-07:00,2026-04-03T13:33:51-07:00,0,13
projects/index.html,2,html,8570cfb9,irinavard,2026-04-03,13:33:51,-07:00,2026-04-03T13:33:51-07:00,0,14
projects/index.html,3,html,8570cfb9,irinavard,2026-04-03,13:33:51,-07:00,2026-04-03T13:33:51-07:00,0,4
projects/index.html,4,html,d963fc61,irinavard,2026-04-17,15:24:37,-07:00,2026-04-17T15:24:37-07:00,2,48
projects/index.html,5,html,ba1abb0f,irinavard,2026-04-23,16:38:03,-07:00,2026-04-23T16:38:03-07:00,2,47
projects/index.html,6,html,8570cfb9,irinavard,2026-04-03,13:33:51,-07:00,2026-04-03T13:33:51-07:00,2,20
projects/index.html,7,html,8570cfb9,irinavard,2026-04-03,13:33:51,-07:00,2026-04-03T13:33:51-07:00,2,68
projects/index.html,8,html,8570cfb9,irinavard,2026-04-03,13:33:51,-07:00,2026-04-03T13:33:51-07:00,2,41
projects/index.html,9,html,8570cfb9,irinavard,2026-04-03,13:33:51,-07:00,2026-04-03T13:33:51-07:00,2,41
projects/index.html,10,html,8570cfb9,irinavard,2026-04-03,13:33:51,-07:00,2026-04-03T13:33:51-07:00,0,5
projects/index.html,11,html,8570cfb9,irinavard,2026-04-03,13:33:51,-07:00,2026-04-03T13:33:51-07:00,0,4
projects/index.html,12,html,ba1abb0f,irinavard,2026-04-23,16:38:03,-07:00,2026-04-23T16:38:03-07:00,2,38
projects/index.html,13,html,d5436647,irinavard,2026-05-01,15:28:25,-07:00,2026-05-01T15:28:25-07:00,2,21
projects/index.html,14,html,d5436647,irinavard,2026-05-01,15:28:25,-07:00,2026-05-01T15:28:25-07:00,4,58
projects/index.html,15,html,d5436647,irinavard,2026-05-01,15:28:25,-07:00,2026-05-01T15:28:25-07:00,4,22
projects/index.html,16,html,d5436647,irinavard,2026-05-01,15:28:25,-07:00,2026-05-01T15:28:25-07:00,2,4
projects/index.html,17,html,d5436647,irinavard,2026-05-01,15:28:25,-07:00,2026-05-01T15:28:25-07:00,2,4
projects/index.html,18,html,d5436647,irinavard,2026-05-01,15:28:25,-07:00,2026-05-01T15:28:25-07:00,4,15
projects/index.html,19,html,d5436647,irinavard,2026-05-01,15:28:25,-07:00,2026-05-01T15:28:25-07:00,4,11
projects/index.html,20,html,d5436647,irinavard,2026-05-01,15:28:25,-07:00,2026-05-01T15:28:25-07:00,4,26
projects/index.html,21,html,d5436647,irinavard,2026-05-01,15:28:25,-07:00,2026-05-01T15:28:25-07:00,4,31
projects/index.html,22,html,d5436647,irinavard,2026-05-01,15:28:25,-07:00,2026-05-01T15:28:25-07:00,2,0
projects/index.html,23,html,ba1abb0f,irinavard,2026-04-23,16:38:03,-07:00,2026-04-23T16:38:03-07:00,2,26
projects/index.html,24,html,8570cfb9,irinavard,2026-04-03,13:33:51,-07:00,2026-04-03T13:33:51-07:00,0,5
projects/index.html,25,html,8570cfb9,irinavard,2026-04-03,13:33:51,-07:00,2026-04-03T13:33:51-07:00,0,5
cv/index.html,1,html,6642ce7e,irinavard,2026-04-03,13:47:46,-07:00,2026-04-03T13:47:46-07:00,0,13
cv/index.html,2,html,6642ce7e,irinavard,2026-04-03,13:47:46,-07:00,2026-04-03T13:47:46-07:00,0,14
cv/index.html,3,html,6642ce7e,irinavard,2026-04-03,13:47:46,-07:00,2026-04-03T13:47:46-07:00,0,4
cv/index.html,4,html,d963fc61,irinavard,2026-04-17,15:24:37,-07:00,2026-04-17T15:24:37-07:00,2,48
cv/index.html,5,html,6642ce7e,irinavard,2026-04-03,13:47:46,-07:00,2026-04-03T13:47:46-07:00,2,20
cv/index.html,6,html,6642ce7e,irinavard,2026-04-03,13:47:46,-07:00,2026-04-03T13:47:46-07:00,2,68
cv/index.html,7,html,6642ce7e,irinavard,2026-04-03,13:47:46,-07:00,2026-04-03T13:47:46-07:00,2,35
cv/index.html,8,html,6642ce7e,irinavard,2026-04-03,13:47:46,-07:00,2026-04-03T13:47:46-07:00,2,41
cv/index.html,9,html,6642ce7e,irinavard,2026-04-03,13:47:46,-07:00,2026-04-03T13:47:46-07:00,0,5
cv/index.html,10,html,6642ce7e,irinavard,2026-04-03,13:47:46,-07:00,2026-04-03T13:47:46-07:00,0,4
cv/index.html,11,html,d963fc61,irinavard,2026-04-17,15:24:37,-07:00,2026-04-17T15:24:37-07:00,0,0
cv/index.html,12,html,5d472f37,irinavard,2026-04-10,18:49:24,-07:00,2026-04-10T18:49:24-07:00,2,14
cv/index.html,13,html,5d472f37,irinavard,2026-04-10,18:49:24,-07:00,2026-04-10T18:49:24-07:00,4,24
cv/index.html,14,html,5d472f37,irinavard,2026-04-10,18:49:24,-07:00,2026-04-10T18:49:24-07:00,4,20
cv/index.html,15,html,5d472f37,irinavard,2026-04-10,18:49:24,-07:00,2026-04-10T18:49:24-07:00,6,38
cv/index.html,16,html,5d472f37,irinavard,2026-04-10,18:49:24,-07:00,2026-04-10T18:49:24-07:00,6,95
cv/index.html,17,html,5d472f37,irinavard,2026-04-10,18:49:24,-07:00,2026-04-10T18:49:24-07:00,4,2
cv/index.html,18,html,5d472f37,irinavard,2026-04-10,18:49:24,-07:00,2026-04-10T18:49:24-07:00,4,7
cv/index.html,19,html,5d472f37,irinavard,2026-04-10,18:49:24,-07:00,2026-04-10T18:49:24-07:00,6,16
cv/index.html,20,html,5d472f37,irinavard,2026-04-10,18:49:24,-07:00,2026-04-10T18:49:24-07:00,6,7
cv/index.html,21,html,5d472f37,irinavard,2026-04-10,18:49:24,-07:00,2026-04-10T18:49:24-07:00,8,6
cv/index.html,22,html,5d472f37,irinavard,2026-04-10,18:49:24,-07:00,2026-04-10T18:49:24-07:00,10,42
cv/index.html,23,html,5d472f37,irinavard,2026-04-10,18:49:24,-07:00,2026-04-10T18:49:24-07:00,10,55
cv/index.html,24,html,5d472f37,irinavard,2026-04-10,18:49:24,-07:00,2026-04-10T18:49:24-07:00,8,7
cv/index.html,25,html,5d472f37,irinavard,2026-04-10,18:49:24,-07:00,2026-04-10T18:49:24-07:00,8,101
cv/index.html,26,html,5d472f37,irinavard,2026-04-10,18:49:24,-07:00,2026-04-10T18:49:24-07:00,8,2
cv/index.html,27,html,5d472f37,irinavard,2026-04-10,18:49:24,-07:00,2026-04-10T18:49:24-07:00,10,112
cv/index.html,28,html,5d472f37,irinavard,2026-04-10,18:49:24,-07:00,2026-04-10T18:49:24-07:00,8,3
cv/index.html,29,html,5d472f37,irinavard,2026-04-10,18:49:24,-07:00,2026-04-10T18:49:24-07:00,6,8
cv/index.html,30,html,5d472f37,irinavard,2026-04-10,18:49:24,-07:00,2026-04-10T18:49:24-07:00,4,8
cv/index.html,31,html,5d472f37,irinavard,2026-04-10,18:49:24,-07:00,2026-04-10T18:49:24-07:00,4,7
cv/index.html,32,html,5d472f37,irinavard,2026-04-10,18:49:24,-07:00,2026-04-10T18:49:24-07:00,6,30
cv/index.html,33,html,5d472f37,irinavard,2026-04-10,18:49:24,-07:00,2026-04-10T18:49:24-07:00,6,7
cv/index.html,34,html,5d472f37,irinavard,2026-04-10,18:49:24,-07:00,2026-04-10T18:49:24-07:00,8,6
cv/index.html,35,html,5d472f37,irinavard,2026-04-10,18:49:24,-07:00,2026-04-10T18:49:24-07:00,10,28
cv/index.html,36,html,5d472f37,irinavard,2026-04-10,18:49:24,-07:00,2026-04-10T18:49:24-07:00,10,92
cv/index.html,37,html,5d472f37,irinavard,2026-04-10,18:49:24,-07:00,2026-04-10T18:49:24-07:00,8,7
cv/index.html,38,html,5d472f37,irinavard,2026-04-10,18:49:24,-07:00,2026-04-10T18:49:24-07:00,8,40
cv/index.html,39,html,5d472f37,irinavard,2026-04-10,18:49:24,-07:00,2026-04-10T18:49:24-07:00,8,2
cv/index.html,40,html,5d472f37,irinavard,2026-04-10,18:49:24,-07:00,2026-04-10T18:49:24-07:00,10,233
cv/index.html,41,html,5d472f37,irinavard,2026-04-10,18:49:24,-07:00,2026-04-10T18:49:24-07:00,10,111
cv/index.html,42,html,5d472f37,irinavard,2026-04-10,18:49:24,-07:00,2026-04-10T18:49:24-07:00,10,117
cv/index.html,43,html,5d472f37,irinavard,2026-04-10,18:49:24,-07:00,2026-04-10T18:49:24-07:00,8,3
cv/index.html,44,html,5d472f37,irinavard,2026-04-10,18:49:24,-07:00,2026-04-10T18:49:24-07:00,6,8
cv/index.html,45,html,5d472f37,irinavard,2026-04-10,18:49:24,-07:00,2026-04-10T18:49:24-07:00,6,7
cv/index.html,46,html,5d472f37,irinavard,2026-04-10,18:49:24,-07:00,2026-04-10T18:49:24-07:00,8,6
cv/index.html,47,html,5d472f37,irinavard,2026-04-10,18:49:24,-07:00,2026-04-10T18:49:24-07:00,10,41
cv/index.html,48,html,5d472f37,irinavard,2026-04-10,18:49:24,-07:00,2026-04-10T18:49:24-07:00,10,56
cv/index.html,49,html,5d472f37,irinavard,2026-04-10,18:49:24,-07:00,2026-04-10T18:49:24-07:00,8,7
cv/index.html,50,html,5d472f37,irinavard,2026-04-10,18:49:24,-07:00,2026-04-10T18:49:24-07:00,8,46
cv/index.html,51,html,5d472f37,irinavard,2026-04-10,18:49:24,-07:00,2026-04-10T18:49:24-07:00,8,2
cv/index.html,52,html,5d472f37,irinavard,2026-04-10,18:49:24,-07:00,2026-04-10T18:49:24-07:00,10,109
cv/index.html,53,html,5d472f37,irinavard,2026-04-10,18:49:24,-07:00,2026-04-10T18:49:24-07:00,10,111
cv/index.html,54,html,5d472f37,irinavard,2026-04-10,18:49:24,-07:00,2026-04-10T18:49:24-07:00,10,215
cv/index.html,55,html,5d472f37,irinavard,2026-04-10,18:49:24,-07:00,2026-04-10T18:49:24-07:00,8,3
cv/index.html,56,html,5d472f37,irinavard,2026-04-10,18:49:24,-07:00,2026-04-10T18:49:24-07:00,6,8
cv/index.html,57,html,5d472f37,irinavard,2026-04-10,18:49:24,-07:00,2026-04-10T18:49:24-07:00,4,8
cv/index.html,58,html,5d472f37,irinavard,2026-04-10,18:49:24,-07:00,2026-04-10T18:49:24-07:00,4,7
cv/index.html,59,html,5d472f37,irinavard,2026-04-10,18:49:24,-07:00,2026-04-10T18:49:24-07:00,6,32
cv/index.html,60,html,5d472f37,irinavard,2026-04-10,18:49:24,-07:00,2026-04-10T18:49:24-07:00,6,7
cv/index.html,61,html,5d472f37,irinavard,2026-04-10,18:49:24,-07:00,2026-04-10T18:49:24-07:00,8,6
cv/index.html,62,html,5d472f37,irinavard,2026-04-10,18:49:24,-07:00,2026-04-10T18:49:24-07:00,10,24
cv/index.html,63,html,5d472f37,irinavard,2026-04-10,18:49:24,-07:00,2026-04-10T18:49:24-07:00,10,57
cv/index.html,64,html,5d472f37,irinavard,2026-04-10,18:49:24,-07:00,2026-04-10T18:49:24-07:00,8,7
cv/index.html,65,html,5d472f37,irinavard,2026-04-10,18:49:24,-07:00,2026-04-10T18:49:24-07:00,8,46
cv/index.html,66,html,5d472f37,irinavard,2026-04-10,18:49:24,-07:00,2026-04-10T18:49:24-07:00,8,2
cv/index.html,67,html,5d472f37,irinavard,2026-04-10,18:49:24,-07:00,2026-04-10T18:49:24-07:00,10,114
cv/index.html,68,html,5d472f37,irinavard,2026-04-10,18:49:24,-07:00,2026-04-10T18:49:24-07:00,10,115
cv/index.html,69,html,5d472f37,irinavard,2026-04-10,18:49:24,-07:00,2026-04-10T18:49:24-07:00,8,3
cv/index.html,70,html,5d472f37,irinavard,2026-04-10,18:49:24,-07:00,2026-04-10T18:49:24-07:00,8,6
cv/index.html,71,html,5d472f37,irinavard,2026-04-10,18:49:24,-07:00,2026-04-10T18:49:24-07:00,10,47
cv/index.html,72,html,5d472f37,irinavard,2026-04-10,18:49:24,-07:00,2026-04-10T18:49:24-07:00,10,60
cv/index.html,73,html,5d472f37,irinavard,2026-04-10,18:49:24,-07:00,2026-04-10T18:49:24-07:00,8,7
cv/index.html,74,html,5d472f37,irinavard,2026-04-10,18:49:24,-07:00,2026-04-10T18:49:24-07:00,8,2
cv/index.html,75,html,5d472f37,irinavard,2026-04-10,18:49:24,-07:00,2026-04-10T18:49:24-07:00,10,121
cv/index.html,76,html,5d472f37,irinavard,2026-04-10,18:49:24,-07:00,2026-04-10T18:49:24-07:00,10,102
cv/index.html,77,html,5d472f37,irinavard,2026-04-10,18:49:24,-07:00,2026-04-10T18:49:24-07:00,8,3
cv/index.html,78,html,5d472f37,irinavard,2026-04-10,18:49:24,-07:00,2026-04-10T18:49:24-07:00,8,6
cv/index.html,79,html,5d472f37,irinavard,2026-04-10,18:49:24,-07:00,2026-04-10T18:49:24-07:00,10,38
cv/index.html,80,html,5d472f37,irinavard,2026-04-10,18:49:24,-07:00,2026-04-10T18:49:24-07:00,10,94
cv/index.html,81,html,5d472f37,irinavard,2026-04-10,18:49:24,-07:00,2026-04-10T18:49:24-07:00,8,7
cv/index.html,82,html,5d472f37,irinavard,2026-04-10,18:49:24,-07:00,2026-04-10T18:49:24-07:00,8,2
cv/index.html,83,html,5d472f37,irinavard,2026-04-10,18:49:24,-07:00,2026-04-10T18:49:24-07:00,10,116
cv/index.html,84,html,5d472f37,irinavard,2026-04-10,18:49:24,-07:00,2026-04-10T18:49:24-07:00,10,115
cv/index.html,85,html,5d472f37,irinavard,2026-04-10,18:49:24,-07:00,2026-04-10T18:49:24-07:00,8,3
cv/index.html,86,html,5d472f37,irinavard,2026-04-10,18:49:24,-07:00,2026-04-10T18:49:24-07:00,6,8
cv/index.html,87,html,5d472f37,irinavard,2026-04-10,18:49:24,-07:00,2026-04-10T18:49:24-07:00,6,7
cv/index.html,88,html,5d472f37,irinavard,2026-04-10,18:49:24,-07:00,2026-04-10T18:49:24-07:00,8,6
cv/index.html,89,html,5d472f37,irinavard,2026-04-10,18:49:24,-07:00,2026-04-10T18:49:24-07:00,10,38
cv/index.html,90,html,5d472f37,irinavard,2026-04-10,18:49:24,-07:00,2026-04-10T18:49:24-07:00,10,61
cv/index.html,91,html,5d472f37,irinavard,2026-04-10,18:49:24,-07:00,2026-04-10T18:49:24-07:00,8,7
cv/index.html,92,html,5d472f37,irinavard,2026-04-10,18:49:24,-07:00,2026-04-10T18:49:24-07:00,8,62
cv/index.html,93,html,5d472f37,irinavard,2026-04-10,18:49:24,-07:00,2026-04-10T18:49:24-07:00,8,2
cv/index.html,94,html,5d472f37,irinavard,2026-04-10,18:49:24,-07:00,2026-04-10T18:49:24-07:00,10,116
cv/index.html,95,html,5d472f37,irinavard,2026-04-10,18:49:24,-07:00,2026-04-10T18:49:24-07:00,10,227
cv/index.html,96,html,5d472f37,irinavard,2026-04-10,18:49:24,-07:00,2026-04-10T18:49:24-07:00,8,3
cv/index.html,97,html,5d472f37,irinavard,2026-04-10,18:49:24,-07:00,2026-04-10T18:49:24-07:00,6,8
cv/index.html,98,html,5d472f37,irinavard,2026-04-10,18:49:24,-07:00,2026-04-10T18:49:24-07:00,6,7
cv/index.html,99,html,5d472f37,irinavard,2026-04-10,18:49:24,-07:00,2026-04-10T18:49:24-07:00,8,6
cv/index.html,100,html,5d472f37,irinavard,2026-04-10,18:49:24,-07:00,2026-04-10T18:49:24-07:00,10,36
cv/index.html,101,html,5d472f37,irinavard,2026-04-10,18:49:24,-07:00,2026-04-10T18:49:24-07:00,10,45
cv/index.html,102,html,5d472f37,irinavard,2026-04-10,18:49:24,-07:00,2026-04-10T18:49:24-07:00,8,7
cv/index.html,103,html,5d472f37,irinavard,2026-04-10,18:49:24,-07:00,2026-04-10T18:49:24-07:00,8,2
cv/index.html,104,html,5d472f37,irinavard,2026-04-10,18:49:24,-07:00,2026-04-10T18:49:24-07:00,10,226
cv/index.html,105,html,5d472f37,irinavard,2026-04-10,18:49:24,-07:00,2026-04-10T18:49:24-07:00,8,3
cv/index.html,106,html,5d472f37,irinavard,2026-04-10,18:49:24,-07:00,2026-04-10T18:49:24-07:00,6,8
cv/index.html,107,html,5d472f37,irinavard,2026-04-10,18:49:24,-07:00,2026-04-10T18:49:24-07:00,4,8
cv/index.html,108,html,5d472f37,irinavard,2026-04-10,18:49:24,-07:00,2026-04-10T18:49:24-07:00,4,7
cv/index.html,109,html,5d472f37,irinavard,2026-04-10,18:49:24,-07:00,2026-04-10T18:49:24-07:00,6,15
cv/index.html,110,html,5d472f37,irinavard,2026-04-10,18:49:24,-07:00,2026-04-10T18:49:24-07:00,6,7
cv/index.html,111,html,5d472f37,irinavard,2026-04-10,18:49:24,-07:00,2026-04-10T18:49:24-07:00,8,6
cv/index.html,112,html,5d472f37,irinavard,2026-04-10,18:49:24,-07:00,2026-04-10T18:49:24-07:00,10,28
cv/index.html,113,html,5d472f37,irinavard,2026-04-10,18:49:24,-07:00,2026-04-10T18:49:24-07:00,10,45
cv/index.html,114,html,5d472f37,irinavard,2026-04-10,18:49:24,-07:00,2026-04-10T18:49:24-07:00,8,7
cv/index.html,115,html,5d472f37,irinavard,2026-04-10,18:49:24,-07:00,2026-04-10T18:49:24-07:00,8,2
cv/index.html,116,html,5d472f37,irinavard,2026-04-10,18:49:24,-07:00,2026-04-10T18:49:24-07:00,10,116
cv/index.html,117,html,5d472f37,irinavard,2026-04-10,18:49:24,-07:00,2026-04-10T18:49:24-07:00,8,3
cv/index.html,118,html,5d472f37,irinavard,2026-04-10,18:49:24,-07:00,2026-04-10T18:49:24-07:00,6,8
cv/index.html,119,html,5d472f37,irinavard,2026-04-10,18:49:24,-07:00,2026-04-10T18:49:24-07:00,6,7
cv/index.html,120,html,5d472f37,irinavard,2026-04-10,18:49:24,-07:00,2026-04-10T18:49:24-07:00,8,6
cv/index.html,121,html,5d472f37,irinavard,2026-04-10,18:49:24,-07:00,2026-04-10T18:49:24-07:00,10,43
cv/index.html,122,html,5d472f37,irinavard,2026-04-10,18:49:24,-07:00,2026-04-10T18:49:24-07:00,10,50
cv/index.html,123,html,5d472f37,irinavard,2026-04-10,18:49:24,-07:00,2026-04-10T18:49:24-07:00,8,7
cv/index.html,124,html,5d472f37,irinavard,2026-04-10,18:49:24,-07:00,2026-04-10T18:49:24-07:00,8,2
cv/index.html,125,html,5d472f37,irinavard,2026-04-10,18:49:24,-07:00,2026-04-10T18:49:24-07:00,10,116
cv/index.html,126,html,5d472f37,irinavard,2026-04-10,18:49:24,-07:00,2026-04-10T18:49:24-07:00,8,3
cv/index.html,127,html,5d472f37,irinavard,2026-04-10,18:49:24,-07:00,2026-04-10T18:49:24-07:00,6,8
cv/index.html,128,html,5d472f37,irinavard,2026-04-10,18:49:24,-07:00,2026-04-10T18:49:24-07:00,4,8
cv/index.html,129,html,5d472f37,irinavard,2026-04-10,18:49:24,-07:00,2026-04-10T18:49:24-07:00,4,7
cv/index.html,130,html,5d472f37,irinavard,2026-04-10,18:49:24,-07:00,2026-04-10T18:49:24-07:00,6,27
cv/index.html,131,html,1fd1c99a,irinavard,2026-04-03,19:25:38,-07:00,2026-04-03T19:25:38-07:00,6,2
cv/index.html,132,html,5d472f37,irinavard,2026-04-10,18:49:24,-07:00,2026-04-10T18:49:24-07:00,8,98
cv/index.html,133,html,5d472f37,irinavard,2026-04-10,18:49:24,-07:00,2026-04-10T18:49:24-07:00,8,103
cv/index.html,134,html,5d472f37,irinavard,2026-04-10,18:49:24,-07:00,2026-04-10T18:49:24-07:00,8,109
cv/index.html,135,html,1fd1c99a,irinavard,2026-04-03,19:25:38,-07:00,2026-04-03T19:25:38-07:00,6,3
cv/index.html,136,html,5d472f37,irinavard,2026-04-10,18:49:24,-07:00,2026-04-10T18:49:24-07:00,4,8
cv/index.html,137,html,5d472f37,irinavard,2026-04-10,18:49:24,-07:00,2026-04-10T18:49:24-07:00,2,4
cv/index.html,138,html,6642ce7e,irinavard,2026-04-03,13:47:46,-07:00,2026-04-03T13:47:46-07:00,0,5
cv/index.html,139,html,6642ce7e,irinavard,2026-04-03,13:47:46,-07:00,2026-04-03T13:47:46-07:00,0,5
contact/index.html,1,html,8570cfb9,irinavard,2026-04-03,13:33:51,-07:00,2026-04-03T13:33:51-07:00,0,13
contact/index.html,2,html,8570cfb9,irinavard,2026-04-03,13:33:51,-07:00,2026-04-03T13:33:51-07:00,0,14
contact/index.html,3,html,8570cfb9,irinavard,2026-04-03,13:33:51,-07:00,2026-04-03T13:33:51-07:00,0,4
contact/index.html,4,html,d963fc61,irinavard,2026-04-17,15:24:37,-07:00,2026-04-17T15:24:37-07:00,2,48
contact/index.html,5,html,8570cfb9,irinavard,2026-04-03,13:33:51,-07:00,2026-04-03T13:33:51-07:00,2,20
contact/index.html,6,html,8570cfb9,irinavard,2026-04-03,13:33:51,-07:00,2026-04-03T13:33:51-07:00,2,68
contact/index.html,7,html,8570cfb9,irinavard,2026-04-03,13:33:51,-07:00,2026-04-03T13:33:51-07:00,2,40
contact/index.html,8,html,8570cfb9,irinavard,2026-04-03,13:33:51,-07:00,2026-04-03T13:33:51-07:00,2,41
contact/index.html,9,html,8570cfb9,irinavard,2026-04-03,13:33:51,-07:00,2026-04-03T13:33:51-07:00,0,5
contact/index.html,10,html,8570cfb9,irinavard,2026-04-03,13:33:51,-07:00,2026-04-03T13:33:51-07:00,0,4
contact/index.html,11,html,8570cfb9,irinavard,2026-04-03,13:33:51,-07:00,2026-04-03T13:33:51-07:00,2,14
contact/index.html,12,html,d963fc61,irinavard,2026-04-17,15:24:37,-07:00,2026-04-17T15:24:37-07:00,2,42
contact/index.html,13,html,56abf3ee,irinavard,2026-04-03,13:41:44,-07:00,2026-04-03T13:41:44-07:00,4,12
contact/index.html,14,html,56abf3ee,irinavard,2026-04-03,13:41:44,-07:00,2026-04-03T13:41:44-07:00,6,20
contact/index.html,15,html,56abf3ee,irinavard,2026-04-03,13:41:44,-07:00,2026-04-03T13:41:44-07:00,4,6
contact/index.html,16,html,56abf3ee,irinavard,2026-04-03,13:41:44,-07:00,2026-04-03T13:41:44-07:00,2,0
contact/index.html,17,html,56abf3ee,irinavard,2026-04-03,13:41:44,-07:00,2026-04-03T13:41:44-07:00,4,12
contact/index.html,18,html,56abf3ee,irinavard,2026-04-03,13:41:44,-07:00,2026-04-03T13:41:44-07:00,6,31
contact/index.html,19,html,56abf3ee,irinavard,2026-04-03,13:41:44,-07:00,2026-04-03T13:41:44-07:00,4,6
contact/index.html,20,html,56abf3ee,irinavard,2026-04-03,13:41:44,-07:00,2026-04-03T13:41:44-07:00,2,0
contact/index.html,21,html,56abf3ee,irinavard,2026-04-03,13:41:44,-07:00,2026-04-03T13:41:44-07:00,4,19
contact/index.html,22,html,56abf3ee,irinavard,2026-04-03,13:41:44,-07:00,2026-04-03T13:41:44-07:00,2,5
contact/index.html,23,html,8570cfb9,irinavard,2026-04-03,13:33:51,-07:00,2026-04-03T13:33:51-07:00,0,5
contact/index.html,24,html,8570cfb9,irinavard,2026-04-03,13:33:51,-07:00,2026-04-03T13:33:51-07:00,0,5
